{
  "defect_info": {
    "did": 4765,
    "dnum": "4769",
    "shortname": "Ir-sSi_Cd-i",
    "fullname": "004769_Ir-sSi_Cd-i",
    "folder": "004769",
    "host": "silicon",
    "nAtoms": 2,
    "atomTypes": "2*undefined(s)",
    "struct": [
      {
        "esym": "Ir",
        "eid": 77,
        "dpos": 83,
        "egrp": 1,
        "eremoved": 14
      },
      {
        "esym": "Cd",
        "eid": 48,
        "dpos": 73,
        "egrp": 2,
        "eremoved": null
      }
    ]
  },
  "charge_state": {
    "cid": 23822,
    "charge": 0,
    "charge_folder": "0",
    "sid": 29418,
    "sname": "pbe-gs",
    "poscar_path": "004769/0/004769_pbe-gs_POSCAR",
    "defect_total_energy": -1168.26658086,
    "defect_energy_convergence": -2.566594e-09,
    "defect_fermi_energy": 6.3992806592,
    "defect_vbm_energy": 6.3291,
    "defect_cbm_energy": 6.5004,
    "defect_cbm-vbm_energy": 0.17129999999999956,
    "defect_spin_state": 1,
    "defect_dos_at_fermi_energy": 0.01778339119146659,
    "defect_dos_at_vbm_energy": 0.01090825254237293,
    "defect_dos_at_cbm_energy": 0.03904027118644058,
    "defect_electron_affinity": 6.486188459999994,
    "defect_ionization_energy": 6.358046950000016,
    "defect_initial_pbe_deltaR": 0.0018758406096631528,
    "defect_initial_pbe_deltaQ": 0.05942826097838197,
    "defect_electron_addition_deltaR": 2.6278365601691484e-05,
    "defect_electron_addition_deltaQ": 0.0007568284928232577,
    "defect_electron_removal_deltaR": 0.00011301245045759938,
    "defect_electron_removal_deltaQ": 0.0033944231612324034,
    "param_NBANDS": 656,
    "param_NELECT": 881,
    "param_ENCUT": 300,
    "param_ISMEAR": 0,
    "param_SIGMA": 0.01,
    "param_EDIFF": -0.01,
    "param_IBRION": 2,
    "param_EDIFFG": -0.01
  }
}